chain,date,total,above_100m,below_100m,coverage,unknown_share,boundary_share,mode,classified_with
ethereum,2026-07-06,1163179754.6399999,975188352.6863136,187991401.95368624,0.8634,0.0019,0.0183,estimate,snapshot:2026-09-05
ethereum,2026-07-07,976608836.0899999,873749785.2564145,102859050.83358538,0.9175,0.0021,0.0140,estimate,snapshot:2026-09-05
ethereum,2026-07-08,1592866117.03,1454354214.2517195,138511902.7782805,0.9302,0.0010,0.0101,estimate,snapshot:2026-09-05
ethereum,2026-07-09,1147898006.99,936013749.2931547,211884257.6968453,0.8384,0.0011,0.0196,estimate,snapshot:2026-09-05
ethereum,2026-07-10,1283239398.16,905337051.9219286,377902346.23807144,0.7216,0.0011,0.0111,estimate,snapshot:2026-09-05
ethereum,2026-07-11,775937623.0600001,544070631.5868582,231866991.4731419,0.7387,0.0013,0.0096,estimate,snapshot:2026-09-05
ethereum,2026-07-12,658081740.16,469533543.4539252,188548196.70607477,0.7839,0.0016,0.0243,estimate,snapshot:2026-09-05
ethereum,2026-07-13,1485657242.9799998,1033673360.5435921,451983882.4364077,0.7592,0.0016,0.0200,estimate,snapshot:2026-09-05
ethereum,2026-07-14,1333044226.5,1060489925.8679932,272554300.63200676,0.8143,0.0021,0.0119,estimate,snapshot:2026-09-05
ethereum,2026-07-15,1350086236.82,1030181642.8809373,319904593.9390626,0.7765,0.0020,0.0085,estimate,snapshot:2026-09-05
ethereum,2026-07-16,1108727808.7,886558844.7270734,222168963.97292662,0.8162,0.0028,0.0106,estimate,snapshot:2026-09-05
ethereum,2026-07-17,1126996928.24,909663111.5794938,217333816.66050625,0.8371,0.0051,0.0162,estimate,snapshot:2026-09-05
ethereum,2026-07-18,565117799.6499999,427769679.61994654,137348120.03005332,0.7849,0.0037,0.0176,estimate,snapshot:2026-09-05
ethereum,2026-07-19,476996412.75,349842663.25926965,127153749.49073035,0.7713,0.0057,0.0284,estimate,snapshot:2026-09-05
ethereum,2026-07-20,1027467345.99,817808879.0778288,209658466.91217124,0.8223,0.0039,0.0206,estimate,snapshot:2026-09-05
ethereum,2026-07-21,1183125182.28,953276207.9191686,229848974.36083138,0.8348,0.0030,0.0287,estimate,snapshot:2026-09-05
ethereum,2026-07-22,926439312.76,769913107.3327364,156526205.42726362,0.8546,0.0028,0.0186,estimate,snapshot:2026-09-05
ethereum,2026-07-23,917700126.35,717258187.6470724,200441938.7029276,0.8059,0.0032,0.0165,estimate,snapshot:2026-09-05
ethereum,2026-07-24,1060730186.6800001,810867130.2124119,249863056.4675882,0.7881,0.0042,0.0152,estimate,snapshot:2026-09-05
ethereum,2026-07-25,422260512.74999994,290646155.7569261,131614356.99307382,0.7405,0.0096,0.0259,estimate,snapshot:2026-09-05
ethereum,2026-07-26,512100424.63,358144867.7417164,153955556.8882836,0.7414,0.0062,0.0325,estimate,snapshot:2026-09-05
ethereum,2026-07-27,1072892424.7500001,857013730.9279604,215878693.82203972,0.8316,0.0046,0.0186,estimate,snapshot:2026-09-05
ethereum,2026-07-28,1031113192.17,842850028.6680384,188263163.5019616,0.8499,0.0034,0.0236,estimate,snapshot:2026-09-05
ethereum,2026-07-29,1131511403.92,840894339.9371761,290617063.98282397,0.7730,0.0040,0.0244,estimate,snapshot:2026-09-05
ethereum,2026-07-30,1026733994.9599999,815001849.0166614,211732145.9433385,0.8240,0.0012,0.0132,estimate,snapshot:2026-09-05
ethereum,2026-07-31,935034029.83,713576506.4489543,221457523.3810457,0.7926,0.0024,0.0115,estimate,snapshot:2026-09-05
ethereum,2026-08-01,530949443.59999996,379450718.6594359,151498724.94056404,0.7480,0.0037,0.0244,estimate,snapshot:2026-09-05
ethereum,2026-08-02,550048386.9300001,409472653.3645767,140575733.56542337,0.7654,0.0028,0.0169,estimate,snapshot:2026-09-05
ethereum,2026-08-03,778802603.1700002,529335194.0663757,249467409.10362452,0.7191,0.0029,0.0407,estimate,snapshot:2026-09-05
ethereum,2026-08-04,834910714.1199999,616861558.3250643,218049155.79493558,0.7751,0.0016,0.0236,estimate,snapshot:2026-09-05
ethereum,2026-08-05,1007747752,753309767.820819,254437984.17918098,0.7722,0.0064,0.0129,estimate,snapshot:2026-09-05
ethereum,2026-08-06,1083367120.99,803701381.8890654,279665739.1009346,0.7639,0.0020,0.0186,estimate,snapshot:2026-09-05
ethereum,2026-08-07,1018874001.48,782864316.2972269,236009685.1827731,0.7967,0.0027,0.0272,estimate,snapshot:2026-09-05
ethereum,2026-08-08,500010347.79,348960042.31966347,151050305.47033656,0.7463,0.0106,0.0180,estimate,snapshot:2026-09-05
ethereum,2026-08-09,421656989.9,296564685.210025,125092304.68997496,0.7544,0.0044,0.0346,estimate,snapshot:2026-09-05
ethereum,2026-08-10,971103595.36,773240671.3034816,197862924.05651844,0.8204,0.0030,0.0205,estimate,snapshot:2026-09-05
ethereum,2026-08-11,847781857.83,663919152.1868055,183862705.64319456,0.8061,0.0035,0.0128,estimate,snapshot:2026-09-05
ethereum,2026-08-12,856217374.13,686823732.214005,169393641.915995,0.8261,0.0029,0.0138,estimate,snapshot:2026-09-05
ethereum,2026-08-13,901164282.6800001,694976519.8792901,206187762.80070996,0.7936,0.0018,0.0194,estimate,snapshot:2026-09-05
ethereum,2026-08-14,891050749.15,713090868.9288303,177959880.2211697,0.8234,0.0010,0.0209,estimate,snapshot:2026-09-05
ethereum,2026-08-15,339369290.21000004,232796759.66111827,106572530.54888177,0.7321,0.0025,0.0476,estimate,snapshot:2026-09-05
ethereum,2026-08-16,368023558.51,266360694.0838505,101662864.42614949,0.7663,0.0033,0.0214,estimate,snapshot:2026-09-05
ethereum,2026-08-17,704798791.8899999,589938079.1433679,114860712.74663198,0.8754,0.0023,0.0329,estimate,snapshot:2026-09-05
ethereum,2026-08-18,686683902.4899999,554548989.5034721,132134912.9865278,0.8404,0.0024,0.0271,estimate,snapshot:2026-09-05
ethereum,2026-08-19,2090873478.73,1580436030.8702605,510437447.85973954,0.7796,0.0029,0.0090,estimate,snapshot:2026-09-05
ethereum,2026-08-20,1840488924.38,1529168089.427678,311320834.952322,0.8488,0.0025,0.0076,estimate,snapshot:2026-09-05
ethereum,2026-08-21,2539528397.49,2003566896.5306814,535961500.9593184,0.8077,0.0034,0.0082,estimate,snapshot:2026-09-05
ethereum,2026-08-22,1479745430.04,1100147276.8978953,379598153.1421046,0.7884,0.0307,0.0104,estimate,snapshot:2026-09-05
ethereum,2026-08-23,1225087962.8899999,843835228.0057731,381252734.8842268,0.8114,0.1018,0.0106,estimate,snapshot:2026-09-05
ethereum,2026-08-24,1655870690.3799999,1149026018.8362484,506844671.5437515,0.7525,0.0513,0.0086,estimate,snapshot:2026-09-05
ethereum,2026-08-25,1774006502.0700002,1216312908.2924552,557693593.777545,0.7400,0.0490,0.0108,estimate,snapshot:2026-09-05
ethereum,2026-08-26,1181365099.92,812014939.5904186,369350160.3295815,0.7902,0.1084,0.0106,estimate,snapshot:2026-09-05
ethereum,2026-08-27,1919263527.8500001,1400511157.2444062,518752370.6055939,0.7934,0.0433,0.0244,estimate,snapshot:2026-09-05
ethereum,2026-08-28,1968467450.1699998,1334370952.1243203,634096498.0456796,0.7251,0.0451,0.0105,estimate,snapshot:2026-09-05
ethereum,2026-08-29,1072570970.54,617283049.2252645,455287921.3147354,0.6578,0.0858,0.0287,estimate,snapshot:2026-09-05
ethereum,2026-08-30,941883874.3399999,579493606.4033605,362390267.9366394,0.7295,0.1299,0.0127,estimate,snapshot:2026-09-05
ethereum,2026-08-31,1301508660.0500002,829544135.2616841,471964524.78831613,0.6916,0.0531,0.0140,estimate,snapshot:2026-09-05
ethereum,2026-09-01,1378941924.5200002,970761717.7021065,408180206.81789374,0.7779,0.0683,0.0130,estimate,snapshot:2026-09-05
ethereum,2026-09-02,1315952749.67,1038441773.5857018,277510976.08429825,0.8647,0.0593,0.0114,estimate,snapshot:2026-09-05
ethereum,2026-09-03,1577940785.69,1144366677.3836682,433574108.3063319,0.7616,0.0190,0.0123,estimate,snapshot:2026-09-05
ethereum,2026-09-04,1593867774.7800002,1105669045.027746,488198729.75225425,0.7697,0.0662,0.0146,estimate,snapshot:2026-09-05
solana,2026-07-06,2176421617,571443482.6960796,1604978134.3039203,0.2657,0.0000,0.1058,estimate,snapshot:2026-09-05
solana,2026-07-07,2540413735.7299995,594989519.635367,1945424216.0946326,0.2386,0.0000,0.0862,estimate,snapshot:2026-09-05
solana,2026-07-08,2435692041.7300005,600020111.7242821,1835671930.0057182,0.2510,0.0000,0.1600,estimate,snapshot:2026-09-05
solana,2026-07-09,1784269143.88,489608614.7915349,1294660529.0884652,0.2811,0.0000,0.1227,estimate,snapshot:2026-09-05
solana,2026-07-10,1613048714.14,474090821.8692895,1138957892.2707105,0.2990,0.0000,0.1316,estimate,snapshot:2026-09-05
solana,2026-07-11,1063474460.14,297830859.7438002,765643600.3961997,0.2865,0.0000,0.1120,estimate,snapshot:2026-09-05
solana,2026-07-12,1205709920.5,310387008.19813985,895322912.3018601,0.2638,0.0000,0.1116,estimate,snapshot:2026-09-05
solana,2026-07-13,1762727682.69,477354276.5813652,1285373406.108635,0.2761,0.0000,0.0744,estimate,snapshot:2026-09-05
solana,2026-07-14,1904583857.31,536978941.261075,1367604916.048925,0.2871,0.0000,0.0674,estimate,snapshot:2026-09-05
solana,2026-07-15,1616908248.6599998,437282368.3206194,1179625880.3393805,0.2764,0.0000,0.0997,estimate,snapshot:2026-09-05
solana,2026-07-16,1542660671.16,419983747.68783253,1122676923.4721675,0.2771,0.0000,0.1228,estimate,snapshot:2026-09-05
solana,2026-07-17,1418836847.75,358176457.642369,1060660390.107631,0.2580,0.0000,0.1061,estimate,snapshot:2026-09-05
solana,2026-07-18,1208994897.08,191135790.98876253,1017859106.0912374,0.1921,0.1555,0.1074,estimate,snapshot:2026-09-05
solana,2026-07-19,1294051398.2,257161748.09602264,1036889650.1039774,0.2022,0.0000,0.0758,estimate,snapshot:2026-09-05
solana,2026-07-20,1860494698.9099998,466098313.00036865,1394396385.9096313,0.2549,0.0000,0.0749,estimate,snapshot:2026-09-05
solana,2026-07-21,1488124604.31,316622524.0054607,1171502080.3045392,0.2191,0.0000,0.0919,estimate,snapshot:2026-09-05
solana,2026-07-22,1722980228.8799999,384940620.2899668,1338039608.590033,0.2279,0.0000,0.0715,estimate,snapshot:2026-09-05
solana,2026-07-23,1476368718.72,357942410.3471197,1118426308.3728805,0.2469,0.0000,0.0739,estimate,snapshot:2026-09-05
solana,2026-07-24,1539904263.94,265465310.83145666,1274438953.1085434,0.1763,0.0000,0.0867,estimate,snapshot:2026-09-05
solana,2026-07-25,1050843180.9,141779867.26555872,909063313.6344413,0.1391,0.0000,0.1560,estimate,snapshot:2026-09-05
solana,2026-07-26,1191194286.17,218868243.02164662,972326043.1483535,0.2118,0.0000,0.0974,estimate,snapshot:2026-09-05
solana,2026-07-27,1831704816.14,414615501.5990894,1417089314.5409107,0.2413,0.0000,0.0827,estimate,snapshot:2026-09-05
solana,2026-07-28,1727330516.1499999,350009008.3348027,1377321507.8151972,0.2121,0.0000,0.0807,estimate,snapshot:2026-09-05
solana,2026-07-29,1960625405.16,427419090.33690065,1533206314.8230994,0.2260,0.0000,0.0889,estimate,snapshot:2026-09-05
solana,2026-07-30,1572004378.25,323956528.4472446,1248047849.8027554,0.2146,0.0000,0.0713,estimate,snapshot:2026-09-05
solana,2026-07-31,1692514657.08,315713521.29556054,1376801135.7844393,0.1945,0.0000,0.0606,estimate,snapshot:2026-09-05
solana,2026-08-01,1300819465.65,185669134.14113066,1115150331.5088694,0.1542,0.0000,0.1182,estimate,snapshot:2026-09-05
solana,2026-08-02,1342716803.96,225770514.5830724,1116946289.3769276,0.1865,0.0000,0.0788,estimate,snapshot:2026-09-05
solana,2026-08-03,1703047054.88,325195456.3497595,1377851598.5302405,0.2337,0.0000,0.0616,estimate,snapshot:2026-09-05
solana,2026-08-04,1737462185.9299998,383098148.9926954,1354364036.9373045,0.2445,0.0000,0.0545,estimate,snapshot:2026-09-05
solana,2026-08-05,1628569944.91,332007227.59630865,1296562717.3136914,0.2171,0.0000,0.0591,estimate,snapshot:2026-09-05
solana,2026-08-06,1371081317.1799998,273781001.71231484,1097300315.467685,0.2192,0.0000,0.0780,estimate,snapshot:2026-09-05
solana,2026-08-07,1354936977.02,332510950.5966902,1022426026.4233098,0.2581,0.0000,0.0623,estimate,snapshot:2026-09-05
solana,2026-08-08,1485142236.54,242090610.3377716,1243051626.2022283,0.1732,0.0000,0.0749,estimate,snapshot:2026-09-05
solana,2026-08-09,1338349854.98,259639846.88451114,1078710008.0954888,0.2026,0.0000,0.0567,estimate,snapshot:2026-09-05
solana,2026-08-10,1572945121.19,452011268.2941346,1120933852.8958654,0.2970,0.0000,0.0524,estimate,snapshot:2026-09-05
solana,2026-08-11,1640670775.28,372634850.16969883,1268035925.110301,0.2350,0.0000,0.0679,estimate,snapshot:2026-09-05
solana,2026-08-12,1716075356.89,394679804.86968386,1321395552.0203161,0.2366,0.0000,0.0486,estimate,snapshot:2026-09-05
solana,2026-08-13,1933697996.16,402344670.9687443,1531353325.1912558,0.2148,0.0000,0.0486,estimate,snapshot:2026-09-05
solana,2026-08-14,1605361456.56,377524826.0913814,1227836630.4686186,0.2406,0.0000,0.0537,estimate,snapshot:2026-09-05
solana,2026-08-15,1169033832.04,215564490.2079005,953469341.8320994,0.1904,0.0000,0.1105,estimate,snapshot:2026-09-05
solana,2026-08-16,1055491742.95,215975990.86223987,839515752.0877602,0.2127,0.0000,0.0954,estimate,snapshot:2026-09-05
solana,2026-08-17,1474994437.3600001,455122501.0125952,1019871936.347405,0.3180,0.0010,0.1140,estimate,snapshot:2026-09-05
solana,2026-08-18,1838194723.04,421623874.29491025,1416570848.7450898,0.2346,0.0000,0.0669,estimate,snapshot:2026-09-05
solana,2026-08-19,3009837694.95,969670021.2209126,2040167673.7290874,0.3288,0.0000,0.0560,estimate,snapshot:2026-09-05
solana,2026-08-20,2806934829.33,721880124.1297097,2085054705.2002902,0.2671,0.0000,0.0794,estimate,snapshot:2026-09-05
solana,2026-08-21,3600948276.22,1099189727.6630085,2501758548.5569916,0.3208,0.0000,0.0637,estimate,snapshot:2026-09-05
solana,2026-08-22,3732294477.7,1225148983.8750913,2507145493.8249083,0.3404,0.0000,0.0573,estimate,snapshot:2026-09-05
solana,2026-08-23,2938613605.25,888291655.8411782,2050321949.4088218,0.3280,0.0000,0.0483,estimate,snapshot:2026-09-05
solana,2026-08-24,2996141158.64,948701728.9390206,2047439429.7009792,0.3316,0.0000,0.0471,estimate,snapshot:2026-09-05
solana,2026-08-25,2934986439.19,919657106.8842067,2015329332.3057933,0.3268,0.0000,0.0531,estimate,snapshot:2026-09-05
solana,2026-08-26,2351677355,623960100.0846326,1727717254.9153674,0.2766,0.0000,0.0801,estimate,snapshot:2026-09-05
solana,2026-08-27,3700129857.54,831120360.0449437,2869009497.495056,0.2489,0.0001,0.0634,estimate,snapshot:2026-09-05
solana,2026-08-28,2590586442.2200003,899311586.9638582,1691274855.2561421,0.3699,0.0000,0.0544,estimate,snapshot:2026-09-05
solana,2026-08-29,1670710752.31,393850950.1925144,1276859802.1174855,0.2557,0.0000,0.0852,estimate,snapshot:2026-09-05
solana,2026-08-30,1929632644.74,502534753.5718292,1427097891.168171,0.2813,0.0000,0.0889,estimate,snapshot:2026-09-05
solana,2026-08-31,2501465036.05,528820800.9112137,1972644235.1387866,0.2268,0.0000,0.1039,estimate,snapshot:2026-09-05
solana,2026-09-01,2171560050.49,527216676.5971657,1644343373.8928342,0.2615,0.0000,0.0878,estimate,snapshot:2026-09-05
solana,2026-09-02,2289285889.32,502802021.34866434,1786483867.971336,0.2448,0.0000,0.0738,estimate,snapshot:2026-09-05
solana,2026-09-03,2459540363.8,679219722.3064518,1780320641.4935484,0.3677,0.0000,0.0584,estimate,snapshot:2026-09-05
solana,2026-09-04,1881639252,363996536.98271275,1517642715.0172873,1.8253,0.0010,0.0181,estimate,snapshot:2026-09-05
base,2026-07-06,786554015.9599999,702707712.2255715,83846303.7344284,0.9205,0.0000,0.0088,estimate,snapshot:2026-09-05
base,2026-07-07,1127821615.7800002,685705406.3377329,442116209.4422673,0.6334,0.0000,0.0090,estimate,snapshot:2026-09-05
base,2026-07-08,815744418.2099999,662511248.1458708,153233170.0641291,0.8420,0.0000,0.0100,estimate,snapshot:2026-09-05
base,2026-07-09,832767833.11,569532780.1117914,263235052.99820864,0.8290,0.0762,0.0288,estimate,snapshot:2026-09-05
base,2026-07-10,784507824.3500001,506209896.35540986,278297927.9945903,0.8493,0.1286,0.0253,estimate,snapshot:2026-09-05
base,2026-07-11,715644036.81,347587966.44110376,368056070.3688962,0.5105,0.0000,0.0164,estimate,snapshot:2026-09-05
base,2026-07-12,442733330.00000006,363791364.1206647,78941965.87933534,0.8831,0.0193,0.0119,estimate,snapshot:2026-09-05
base,2026-07-13,1095045834.98,651757377.5606529,443288457.41934717,0.6843,0.0175,0.0298,estimate,snapshot:2026-09-05
base,2026-07-14,1176226623.3700001,604563651.9648637,571662971.4051365,0.5976,0.0671,0.0285,estimate,snapshot:2026-09-05
base,2026-07-15,846114324.61,545275442.337292,300838882.27270806,0.7528,0.0766,0.0146,estimate,snapshot:2026-09-05
base,2026-07-16,791645514.41,543740407.9837942,247905106.42620575,0.9202,0.0729,0.0367,estimate,snapshot:2026-09-05
base,2026-07-17,972164224.26,573610751.9736199,398553472.28638005,1.1134,0.0176,0.0962,estimate,snapshot:2026-09-05
base,2026-07-18,386934446.12000006,174807284.8397784,212127161.28022167,1.5116,0.0078,0.3613,estimate,snapshot:2026-09-05
base,2026-07-19,445669923.54,265650481.69966924,180019441.84033078,1.3344,0.0000,0.2069,estimate,snapshot:2026-09-05
base,2026-07-20,783543028.1299999,693227364.7538558,90315663.37614405,0.9000,0.0000,0.0085,estimate,snapshot:2026-09-05
base,2026-07-21,593757969.62,491001912.0721699,102756057.5478301,0.8438,0.0000,0.0139,estimate,snapshot:2026-09-05
base,2026-07-22,638458569.8,532043154.15670276,106415415.6432972,0.8543,0.0000,0.0103,estimate,snapshot:2026-09-05
base,2026-07-23,611799173.42,482609000.12265944,129190173.29734051,0.8286,0.0000,0.0149,estimate,snapshot:2026-09-05
base,2026-07-24,606384261.5499998,488158325.23683894,118225936.3131609,0.8345,0.0000,0.0098,estimate,snapshot:2026-09-05
base,2026-07-25,322541667.92,245212739.84080493,77328928.07919508,0.7877,0.0000,0.0188,estimate,snapshot:2026-09-05
base,2026-07-26,455861768.86,376054874.92676216,79806893.93323785,0.8466,0.0000,0.0111,estimate,snapshot:2026-09-05
base,2026-07-27,843506897.0199999,715840893.1050441,127666003.91495574,0.9249,0.0423,0.0117,estimate,snapshot:2026-09-05
base,2026-07-28,918509670.3499999,650177687.1743071,268331983.1756928,0.7623,0.0271,0.0099,estimate,snapshot:2026-09-05
base,2026-07-29,949697495.78,795909911.6898106,153787584.09018934,0.9107,0.0371,0.0086,estimate,snapshot:2026-09-05
base,2026-07-30,659212825.27,516928492.7769536,142284332.4930464,1.0247,0.1414,0.0113,estimate,snapshot:2026-09-05
base,2026-07-31,844731225.75,582176067.080805,262555158.66919506,0.8614,0.1495,0.0106,estimate,snapshot:2026-09-05
base,2026-08-01,365515854.5799999,288236184.76420563,77279669.81579429,0.8181,0.0000,0.0171,estimate,snapshot:2026-09-05
base,2026-08-02,530601508.98,441033036.89115477,89568472.08884525,0.8499,0.0000,0.0118,estimate,snapshot:2026-09-05
base,2026-08-03,732401361.38,569021355.3891442,163380005.9908558,0.7918,0.0000,0.0090,estimate,snapshot:2026-09-05
base,2026-08-04,679399613.7800001,555158806.580389,124240807.19961107,0.8531,0.0000,0.0083,estimate,snapshot:2026-09-05
base,2026-08-05,682579542.24,578852182.773456,103727359.46654403,0.8859,0.0000,0.0077,estimate,snapshot:2026-09-05
base,2026-08-06,662313170.85,480877582.9971489,181435587.85285115,0.7829,0.0000,0.0091,estimate,snapshot:2026-09-05
base,2026-08-07,648815121.23,522473473.0215487,126341648.20845133,0.8400,0.0000,0.0093,estimate,snapshot:2026-09-05
base,2026-08-08,233494864.41,155018458.42920318,78476405.98079681,0.7464,0.0000,0.0217,estimate,snapshot:2026-09-05
base,2026-08-09,296643122.24,216943736.29559746,79699385.94440255,0.7928,0.0000,0.0195,estimate,snapshot:2026-09-05
base,2026-08-10,564608751.62,411092296.62835157,153516454.99164844,1.1428,0.0001,0.0074,estimate,snapshot:2026-09-05
base,2026-08-11,493439535.82,396539147.85722184,96900387.96277815,1.0114,0.0001,0.0108,estimate,snapshot:2026-09-05
base,2026-08-12,628468781.44,447075514.8965119,181393266.54348814,1.0225,0.0001,0.0052,estimate,snapshot:2026-09-05
base,2026-08-13,705747961.8599999,441575241.23232085,264172720.62767905,0.9581,0.0001,0.0059,estimate,snapshot:2026-09-05
base,2026-08-14,514464746.61,343460191.7587209,171004554.85127914,1.0524,0.0001,0.0054,estimate,snapshot:2026-09-05
base,2026-08-15,283835712.49,118054155.0429009,165781557.4470991,1.2446,0.0001,0.0181,estimate,snapshot:2026-09-05
base,2026-08-16,431826678.15000004,208552977.95197165,223273700.1980284,0.8413,0.0001,0.0751,estimate,snapshot:2026-09-05
base,2026-08-17,628880868.89,430987731.3593599,197893137.53064007,1.0582,0.0000,0.0303,estimate,snapshot:2026-09-05
base,2026-08-18,541446571.73,316457947.3569993,224988624.37300074,1.2454,0.0000,0.0167,estimate,snapshot:2026-09-05
base,2026-08-19,1254556613.33,931803203.3573974,322753409.9726025,0.8402,0.0000,0.0126,estimate,snapshot:2026-09-05
base,2026-08-20,1200495070.35,949379699.2829549,251115371.06704497,1.0187,0.0000,0.0129,estimate,snapshot:2026-09-05
base,2026-08-21,1670573144.4299998,1306432490.6839273,364140653.74607253,1.0056,0.0000,0.0294,estimate,snapshot:2026-09-05
base,2026-08-22,1275455565.44,941229859.7010381,334225705.73896194,0.9246,0.0000,0.0380,estimate,snapshot:2026-09-05
base,2026-08-23,1173243290.6400003,917895927.2097462,255347363.4302541,0.9115,0.0001,0.0226,estimate,snapshot:2026-09-05
base,2026-08-24,1391521034.44,1009978223.1162856,381542811.3237145,1.0229,0.0000,0.0201,estimate,snapshot:2026-09-05
base,2026-08-25,1113291732.1200001,813289991.57084,300001740.5491601,0.8131,0.0001,0.0215,estimate,snapshot:2026-09-05
base,2026-08-26,834836784.63,572281605.5421866,262555179.08781338,1.0882,0.0003,0.0177,estimate,snapshot:2026-09-05
base,2026-08-27,1011823988.07,661239415.4105707,350584572.6594293,0.9061,0.0001,0.0155,estimate,snapshot:2026-09-05
base,2026-08-28,1121052103.45,713603249.654229,407448853.795771,0.8106,0.0010,0.0142,estimate,snapshot:2026-09-05
base,2026-08-29,505922343.47,207624488.9046519,298297854.56534815,0.7280,0.0029,0.0303,estimate,snapshot:2026-09-05
base,2026-08-30,794727638.3900001,514401273.4950488,280326364.8949513,0.7067,0.0002,0.0404,estimate,snapshot:2026-09-05
base,2026-08-31,878841281.44,539878331.9719958,338962949.4680042,1.0213,0.0118,0.0196,estimate,snapshot:2026-09-05
base,2026-09-01,838294834.4999999,543608506.1779683,294686328.3220316,0.8490,0.0195,0.0201,estimate,snapshot:2026-09-05
base,2026-09-02,792083678.15,508457732.69100446,283625945.4589955,1.0544,0.0183,0.0134,estimate,snapshot:2026-09-05
base,2026-09-03,921158538.6100001,524899173.49464923,396259365.1153509,1.2089,0.1344,0.0248,estimate,snapshot:2026-09-05
base,2026-09-04,997930748.42,544860506.4968503,453070241.9231497,1.0822,0.0899,0.0782,estimate,snapshot:2026-09-05
bnb,2026-07-06,713395407.94,379755660.9492399,333639746.99076015,0.7132,0.0779,0.1564,estimate,snapshot:2026-09-05
bnb,2026-07-07,676086331.1599998,309559004.39474934,366527326.7652505,0.6644,0.0868,0.1510,estimate,snapshot:2026-09-05
bnb,2026-07-08,719062167.55,327686109.2654906,391376058.28450936,0.8282,0.0679,0.2842,estimate,snapshot:2026-09-05
bnb,2026-07-09,638275019.3000001,266462555.29837412,371812464.00162596,0.8619,0.0765,0.4096,estimate,snapshot:2026-09-05
bnb,2026-07-10,546885732.96,268419542.56979683,278466190.39020324,0.8908,0.0954,0.3770,estimate,snapshot:2026-09-05
bnb,2026-07-11,461962497.01,237730114.75192943,224232382.25807056,0.9059,0.0953,0.3920,estimate,snapshot:2026-09-05
bnb,2026-07-12,1032094248.95,240097404.5262131,791996844.4237869,0.3962,0.1193,0.3127,estimate,snapshot:2026-09-05
bnb,2026-07-13,879278710.81,292099705.1276788,587179005.6823211,0.5913,0.1049,0.2424,estimate,snapshot:2026-09-05
bnb,2026-07-14,841365060.52,298239670.3310803,543125390.1889197,0.7507,0.0731,0.2159,estimate,snapshot:2026-09-05
bnb,2026-07-15,698367078.4599999,298748085.22417784,399618993.2358221,0.7701,0.0752,0.1723,estimate,snapshot:2026-09-05
bnb,2026-07-16,679831194.13,268737121.1962117,411094072.9337883,0.7760,0.0758,0.1550,estimate,snapshot:2026-09-05
bnb,2026-07-17,720504110.7600001,312259412.3964928,408244698.36350733,0.7830,0.0769,0.0824,estimate,snapshot:2026-09-05
bnb,2026-07-18,779799993.6,327048116.65997905,452751876.940021,0.8200,0.0650,0.1913,estimate,snapshot:2026-09-05
bnb,2026-07-19,981046634.2900001,330013666.5353247,651032967.7546754,0.5470,0.0770,0.2569,estimate,snapshot:2026-09-05
bnb,2026-07-20,631781794.74,354023117.2982285,277758677.4417715,0.7694,0.0900,0.2364,estimate,snapshot:2026-09-05
bnb,2026-07-21,573353649.1800001,280531410.4873098,292822238.69269025,0.7089,0.1061,0.2699,estimate,snapshot:2026-09-05
bnb,2026-07-22,634069982.4499999,265541485.44399282,368528497.0060071,0.7232,0.0991,0.1680,estimate,snapshot:2026-09-05
bnb,2026-07-23,838016231.8900001,409335783.9261418,428680447.9638583,0.6929,0.0753,0.2367,estimate,snapshot:2026-09-05
bnb,2026-07-24,890425531.63,345697419.14167625,544728112.4883237,0.5745,0.0822,0.1838,estimate,snapshot:2026-09-05
bnb,2026-07-25,428095211.44,126850387.96328071,301244823.47671926,0.6583,0.1500,0.2601,estimate,snapshot:2026-09-05
bnb,2026-07-26,600462641.2,195607919.90969187,404854721.2903082,0.5764,0.1163,0.2142,estimate,snapshot:2026-09-05
bnb,2026-07-27,900869184.5300001,353630289.63971776,547238894.8902824,0.6238,0.0767,0.1866,estimate,snapshot:2026-09-05
bnb,2026-07-28,1001587997.27,323934028.24437165,677653969.0256283,0.6562,0.1599,0.1737,estimate,snapshot:2026-09-05
bnb,2026-07-29,1106463643.03,394846804.21888125,711616838.8111187,0.6474,0.0646,0.1956,estimate,snapshot:2026-09-05
bnb,2026-07-30,988056606.0100001,477132029.6504516,510924576.3595485,0.8143,0.0606,0.1843,estimate,snapshot:2026-09-05
bnb,2026-07-31,1079467902.81,434285192.1342736,645182710.6757264,0.7204,0.0739,0.1529,estimate,snapshot:2026-09-05
bnb,2026-08-01,855828978.58,383597261.06163037,472231717.5183697,0.8126,0.0387,0.1741,estimate,snapshot:2026-09-05
bnb,2026-08-02,1274981017.6499999,1029276154.172439,245704863.47756088,1.0649,0.0187,0.0397,estimate,snapshot:2026-09-05
bnb,2026-08-03,1067800868.91,430903705.35317284,636897163.5568271,0.6742,0.0316,0.1654,estimate,snapshot:2026-09-05
bnb,2026-08-04,1438781940.35,515656505.3195571,923125435.0304428,0.5677,0.0314,0.2288,estimate,snapshot:2026-09-05
bnb,2026-08-05,1702576416.03,545446148.9554292,1157130267.0745707,0.5358,0.0516,0.1549,estimate,snapshot:2026-09-05
bnb,2026-08-06,1568252480.1799998,348699926.5866637,1219552553.593336,0.5390,0.0284,0.1675,estimate,snapshot:2026-09-05
bnb,2026-08-07,1692015229.5000002,320354364.5285411,1371660864.9714592,0.4135,0.0311,0.1793,estimate,snapshot:2026-09-05
bnb,2026-08-08,719732124.1400001,287535989.1109692,432196135.0290309,1.0635,0.0283,0.1634,estimate,snapshot:2026-09-05
bnb,2026-08-09,741496160.1099999,293437502.00703627,448058658.1029636,1.0728,0.0278,0.1548,estimate,snapshot:2026-09-05
bnb,2026-08-10,1104412948,365313201.18706876,739099746.8129313,0.7833,0.0238,0.2010,estimate,snapshot:2026-09-05
bnb,2026-08-11,849943336.67,324464866.68936765,525478469.9806323,0.9499,0.0230,0.1789,estimate,snapshot:2026-09-05
bnb,2026-08-12,791550674.6199999,312727359.31678027,478823315.3032196,1.0310,0.0488,0.1554,estimate,snapshot:2026-09-05
bnb,2026-08-13,755090811.53,297878276.87920666,457212534.6507933,1.0303,0.0509,0.1290,estimate,snapshot:2026-09-05
bnb,2026-08-14,737616679.16,268081653.42103586,469535025.7389641,1.1392,0.0256,0.1628,estimate,snapshot:2026-09-05
bnb,2026-08-15,912152040.77,296518467.6792438,615633573.0907562,1.0596,0.0245,0.1324,estimate,snapshot:2026-09-05
bnb,2026-08-16,966439357.4099998,369662535.2465135,596776822.1634864,1.0554,0.0219,0.1376,estimate,snapshot:2026-09-05
bnb,2026-08-17,994681473.01,377235031.867984,617446441.1420159,1.0587,0.0236,0.1020,estimate,snapshot:2026-09-05
bnb,2026-08-18,909474689.33,327506547.81846917,581968141.5115309,1.0553,0.0257,0.1093,estimate,snapshot:2026-09-05
bnb,2026-08-19,1249669142.69,571912708.5188787,677756434.1711214,0.9290,0.0189,0.0989,estimate,snapshot:2026-09-05
bnb,2026-08-20,1364292858.61,674869936.1698352,689422922.4401647,0.9228,0.0252,0.0910,estimate,snapshot:2026-09-05
bnb,2026-08-21,1836805830.54,1107350567.01011,729455263.5298901,0.9211,0.0179,0.0720,estimate,snapshot:2026-09-05
bnb,2026-08-22,1562366935.55,996714678.6562456,565652256.8937544,1.0002,0.0315,0.0799,estimate,snapshot:2026-09-05
bnb,2026-08-23,1159370206.4899998,706303802.7180648,453066403.771935,0.9893,0.0649,0.0749,estimate,snapshot:2026-09-05
bnb,2026-08-24,1169522708.3,621985004.1983036,547537704.1016964,0.9855,0.1036,0.1022,estimate,snapshot:2026-09-05
bnb,2026-08-25,1036718599.65,549166250.0271986,487552349.6228014,0.9551,0.0361,0.1196,estimate,snapshot:2026-09-05
bnb,2026-08-26,1081626531,451499598.7371727,630126932.2628273,0.9587,0.0973,0.0925,estimate,snapshot:2026-09-05
bnb,2026-08-27,1042112103.98,472454637.22038084,569657466.7596192,0.9730,0.0582,0.1093,estimate,snapshot:2026-09-05
bnb,2026-08-28,1102859973.8100002,519516893.6728036,583343080.1371965,1.0638,0.0415,0.1093,estimate,snapshot:2026-09-05
bnb,2026-08-29,661102399.07,227985710.78120503,433116688.288795,1.2733,0.0618,0.0870,estimate,snapshot:2026-09-05
bnb,2026-08-30,957979485.7700002,406477888.50199914,551501597.2680011,1.1302,0.0257,0.1459,estimate,snapshot:2026-09-05
bnb,2026-08-31,1117128636.2399998,457853455.8898611,659275180.3501387,1.0511,0.0401,0.0996,estimate,snapshot:2026-09-05
bnb,2026-09-01,1081689929.33,453827474.831851,627862454.4981489,1.0881,0.0623,0.1093,estimate,snapshot:2026-09-05
bnb,2026-09-02,1142100105.6599998,491092853.8734682,651007251.7865317,1.1586,0.0478,0.0812,estimate,snapshot:2026-09-05
bnb,2026-09-03,1346512339.15,638244782.1166711,708267557.033329,1.0813,0.0149,0.0983,estimate,snapshot:2026-09-05
bnb,2026-09-04,1454822392.73,338759992.74699533,1116062399.9830046,2.0642,0.0327,0.0565,estimate,snapshot:2026-09-05
arbitrum,2026-07-06,184636560.79,176802715.11357135,7833845.676428646,0.9714,0.0024,0.0099,estimate,snapshot:2026-09-05
arbitrum,2026-07-07,155526362.24999997,150995886.36949438,4530475.880505592,0.9828,0.0024,0.0138,estimate,snapshot:2026-09-05
arbitrum,2026-07-08,133628939.5,131880163.65713826,1748775.8428617418,1.1333,0.0001,0.0157,estimate,snapshot:2026-09-05
arbitrum,2026-07-09,125499469.02000001,123933407.22267221,1566061.7973278016,1.0922,0.0016,0.0110,estimate,snapshot:2026-09-05
arbitrum,2026-07-10,113354093.19000001,112440253.38312747,913839.8068725467,1.1388,0.0001,0.0052,estimate,snapshot:2026-09-05
arbitrum,2026-07-11,102428265.62,90535600.42987987,11892665.19012013,0.9054,0.0002,0.0183,estimate,snapshot:2026-09-05
arbitrum,2026-07-12,92163540.34,80117690.91436298,12045849.425637022,0.8871,0.0002,0.0157,estimate,snapshot:2026-09-05
arbitrum,2026-07-13,205603381.07,189540729.96568346,16062651.104316533,0.9302,0.0003,0.0072,estimate,snapshot:2026-09-05
arbitrum,2026-07-14,205371763.85999995,180461394.68775868,24910369.17224127,0.8909,0.0013,0.0078,estimate,snapshot:2026-09-05
arbitrum,2026-07-15,313089316.53999996,284297696.7891217,28791619.750878274,0.9152,0.0001,0.0054,estimate,snapshot:2026-09-05
arbitrum,2026-07-16,150820008.48,137996800.51689622,12823207.963103771,0.9259,0.0000,0.0063,estimate,snapshot:2026-09-05
arbitrum,2026-07-17,158984596.76999995,138516414.22049904,20468182.549500912,0.8811,0.0001,0.0111,estimate,snapshot:2026-09-05
arbitrum,2026-07-18,55230295.87,45041926.02064364,10188369.84935636,0.8481,0.0016,0.0288,estimate,snapshot:2026-09-05
arbitrum,2026-07-19,75750617.70000002,65280218.6037498,10470399.096250221,0.8928,0.0000,0.0117,estimate,snapshot:2026-09-05
arbitrum,2026-07-20,629614292.5299999,148695428.06746408,480918864.46253574,0.2399,0.0001,0.0100,estimate,snapshot:2026-09-05
arbitrum,2026-07-21,125997739.18,108495279.469891,17502459.71010901,0.8754,0.0014,0.0052,estimate,snapshot:2026-09-05
arbitrum,2026-07-22,136015436.02,120727304.4692814,15288131.550718606,0.9014,0.0008,0.0060,estimate,snapshot:2026-09-05
arbitrum,2026-07-23,124608896.51000004,107709034.67214084,16899861.8378592,0.8776,0.0002,0.0147,estimate,snapshot:2026-09-05
arbitrum,2026-07-24,116863199.23,97752794.85358907,19110404.37641093,0.8506,0.0001,0.0098,estimate,snapshot:2026-09-05
arbitrum,2026-07-25,42383007.199999996,32273174.7884506,10109832.411549397,0.8031,0.0000,0.0296,estimate,snapshot:2026-09-05
arbitrum,2026-07-26,94598566.14,77415779.10196799,17182787.03803201,0.8812,0.0001,0.0603,estimate,snapshot:2026-09-05
arbitrum,2026-07-27,171784956.37,153332198.10979974,18452758.260200262,0.9262,0.0009,0.0319,estimate,snapshot:2026-09-05
arbitrum,2026-07-28,156418984.77000004,138141520.42055333,18277464.349446714,0.8992,0.0002,0.0126,estimate,snapshot:2026-09-05
arbitrum,2026-07-29,192438136.25,172654454.1843311,19783682.06566891,0.9137,0.0001,0.0168,estimate,snapshot:2026-09-05
arbitrum,2026-07-30,137412409.44000003,113571996.50509983,23840412.934900194,0.8724,0.0007,0.0467,estimate,snapshot:2026-09-05
arbitrum,2026-07-31,135399404.57,113989339.40632576,21410065.163674235,0.8625,0.0009,0.0232,estimate,snapshot:2026-09-05
arbitrum,2026-08-01,59417130.62,46510747.1150256,12906383.504974395,0.8274,0.0068,0.0214,estimate,snapshot:2026-09-05
arbitrum,2026-08-02,83105960.25999999,68146894.58313526,14959065.676864728,0.8526,0.0002,0.0341,estimate,snapshot:2026-09-05
arbitrum,2026-08-03,125304880.81,100431766.03413051,24873114.77586949,0.8237,0.0013,0.0138,estimate,snapshot:2026-09-05
arbitrum,2026-08-04,114425774.01999997,102813778.76704381,11611995.252956152,0.9192,0.0001,0.0169,estimate,snapshot:2026-09-05
arbitrum,2026-08-05,121948009.21,107263427.70095429,14684581.509045705,0.8924,0.0004,0.0047,estimate,snapshot:2026-09-05
arbitrum,2026-08-06,368780103.05999994,79809721.6892549,288970381.37074506,0.2217,0.0016,0.0090,estimate,snapshot:2026-09-05
arbitrum,2026-08-07,106187608.39000002,89455314.48265432,16732293.907345697,0.8791,0.0023,0.0274,estimate,snapshot:2026-09-05
arbitrum,2026-08-08,39372990.839999996,28234246.911262847,11138743.928737149,0.7638,0.0013,0.0317,estimate,snapshot:2026-09-05
arbitrum,2026-08-09,60238302.74000001,45749345.24301937,14488957.496980637,0.8016,0.0001,0.0409,estimate,snapshot:2026-09-05
arbitrum,2026-08-10,104650635.60000001,89720466.44074951,14930169.159250498,0.8944,0.0011,0.0245,estimate,snapshot:2026-09-05
arbitrum,2026-08-11,87521345.52,70994134.9995508,16527210.520449191,0.8507,0.0045,0.0134,estimate,snapshot:2026-09-05
arbitrum,2026-08-12,100130743.83000001,83308291.59601142,16822452.233988598,0.8607,0.0010,0.0252,estimate,snapshot:2026-09-05
arbitrum,2026-08-13,93447805.39999999,76322554.70163119,17125250.698368803,0.8478,0.0053,0.0196,estimate,snapshot:2026-09-05
arbitrum,2026-08-14,78146205.77,61350273.75265653,16795932.01734347,0.8150,0.0032,0.0311,estimate,snapshot:2026-09-05
arbitrum,2026-08-15,42173095.67,30159072.056542,12014023.613458,0.7779,0.0093,0.0321,estimate,snapshot:2026-09-05
arbitrum,2026-08-16,37941350.47,31781875.251143668,6159475.218856331,0.8787,0.0003,0.0477,estimate,snapshot:2026-09-05
arbitrum,2026-08-17,89805545.24,79908819.67116222,9896725.568837777,0.9206,0.0092,0.0298,estimate,snapshot:2026-09-05
arbitrum,2026-08-18,56351982.260000005,54287469.237636514,2064513.0223634914,1.0685,0.0015,0.0197,estimate,snapshot:2026-09-05
arbitrum,2026-08-19,396455130.24,360678571.5395687,35776558.70043129,0.9186,0.0012,0.0050,estimate,snapshot:2026-09-05
arbitrum,2026-08-20,252220988.65999997,249734523.14542207,2486465.5145778954,1.1344,0.0007,0.0067,estimate,snapshot:2026-09-05
arbitrum,2026-08-21,539700130.55,490329433.3882795,49370697.161720455,0.9147,0.0010,0.0039,estimate,snapshot:2026-09-05
arbitrum,2026-08-22,366964902.76,333845534.3972482,33119368.362751782,0.9181,0.0002,0.0101,estimate,snapshot:2026-09-05
arbitrum,2026-08-23,272263198.3,245445032.54297698,26818165.757023036,0.9134,0.0002,0.0074,estimate,snapshot:2026-09-05
arbitrum,2026-08-24,303883533.05,262886759.29924962,40996773.75075039,0.8777,0.0012,0.0074,estimate,snapshot:2026-09-05
arbitrum,2026-08-25,246096230.42,201475289.8227304,44620940.597269595,0.8437,0.0013,0.0080,estimate,snapshot:2026-09-05
arbitrum,2026-08-26,162154795.56,138294872.08179778,23859923.478202224,0.8758,0.0014,0.0138,estimate,snapshot:2026-09-05
arbitrum,2026-08-27,258350869.29999995,229600637.5592496,28750231.740750343,0.9002,0.0011,0.0102,estimate,snapshot:2026-09-05
arbitrum,2026-08-28,215203435.99,188186846.55856633,27016589.431433678,0.8838,0.0001,0.0159,estimate,snapshot:2026-09-05
arbitrum,2026-08-29,83743934.41,64296799.138145514,19447135.271854483,0.7857,0.0006,0.0262,estimate,snapshot:2026-09-05
arbitrum,2026-08-30,172368507.75,149490227.4457993,22878280.30420071,0.8779,0.0002,0.0175,estimate,snapshot:2026-09-05
arbitrum,2026-08-31,212569209.93,168371766.9939686,44197442.9360314,0.8123,0.0010,0.0090,estimate,snapshot:2026-09-05
arbitrum,2026-09-01,210538165.64000002,173096804.52605596,37441361.11394405,0.8350,0.0003,0.0148,estimate,snapshot:2026-09-05
arbitrum,2026-09-02,115546231.89000002,114114440.34297612,1431791.5470238924,1.4596,0.0022,0.0178,estimate,snapshot:2026-09-05
arbitrum,2026-09-03,231828167.55999997,210146879.0162962,21681288.543703765,0.9148,0.0017,0.0188,estimate,snapshot:2026-09-05
arbitrum,2026-09-04,225444752.08,199045911.4291635,26398840.650836527,0.8953,0.0011,0.0368,estimate,snapshot:2026-09-05
hyperevm,2026-07-06,141975010.64,128071641.22361602,13903369.416383967,0.9065,0.0000,0.0020,estimate,snapshot:2026-09-05
hyperevm,2026-07-07,167851990.8,152818835.93774363,15033154.862256378,0.9137,0.0000,0.0019,estimate,snapshot:2026-09-05
hyperevm,2026-07-08,118919939.26,108415053.1161377,10504886.143862307,0.9161,0.0000,0.0024,estimate,snapshot:2026-09-05
hyperevm,2026-07-09,92104606.6,83358611.9428501,8745994.657149896,0.9090,0.0000,0.0018,estimate,snapshot:2026-09-05
hyperevm,2026-07-10,86422599.62,76583513.19390051,9839086.426099494,0.8909,0.0000,0.0022,estimate,snapshot:2026-09-05
hyperevm,2026-07-11,63803078.42,56767266.86217022,7035811.557829782,0.8946,0.0000,0.0020,estimate,snapshot:2026-09-05
hyperevm,2026-07-12,64062294.75,56009197.76046743,8053096.989532568,0.8782,0.0000,0.0018,estimate,snapshot:2026-09-05
hyperevm,2026-07-13,95095918.31,84894291.63199738,10201626.678002626,0.8980,0.0000,0.0029,estimate,snapshot:2026-09-05
hyperevm,2026-07-14,85495499.75999999,77296559.89163563,8198939.868364364,0.9098,0.0000,0.0017,estimate,snapshot:2026-09-05
hyperevm,2026-07-15,97524365.72,87008578.8164773,10515786.9035227,0.8978,0.0000,0.0022,estimate,snapshot:2026-09-05
hyperevm,2026-07-16,105306140.25999999,96970750.77931114,8335389.480688855,0.9259,0.0000,0.0034,estimate,snapshot:2026-09-05
hyperevm,2026-07-17,117093100.97999999,102219615.92159243,14873485.05840756,0.8773,0.0000,0.0031,estimate,snapshot:2026-09-05
hyperevm,2026-07-18,52315714.32,44475369.2209543,7840345.099045701,0.8550,0.0000,0.0057,estimate,snapshot:2026-09-05
hyperevm,2026-07-19,52061037.45,44781801.6596906,7279235.790309399,0.8645,0.0000,0.0025,estimate,snapshot:2026-09-05
hyperevm,2026-07-20,88106560.09,77616216.09372617,10490343.99627383,0.8887,0.0000,0.0040,estimate,snapshot:2026-09-05
hyperevm,2026-07-21,79721815.37,66889936.953786604,12831878.4162134,0.8456,0.0000,0.0044,estimate,snapshot:2026-09-05
hyperevm,2026-07-22,90610210.31,80330807.28113763,10279403.028862372,0.8901,0.0000,0.0033,estimate,snapshot:2026-09-05
hyperevm,2026-07-23,84798081.24,70698721.7682755,14099359.471724495,0.8385,0.0000,0.0046,estimate,snapshot:2026-09-05
hyperevm,2026-07-24,78405901,63042626.86619978,15363274.133800223,0.8073,0.0000,0.0037,estimate,snapshot:2026-09-05
hyperevm,2026-07-25,34388588.230000004,27809855.660147388,6578732.569852617,0.8125,0.0000,0.0037,estimate,snapshot:2026-09-05
hyperevm,2026-07-26,44826967.29,36958516.37413258,7868450.915867418,0.8286,0.0000,0.0037,estimate,snapshot:2026-09-05
hyperevm,2026-07-27,82696069.80999999,74064651.125712,8631418.68428798,0.9000,0.0000,0.0039,estimate,snapshot:2026-09-05
hyperevm,2026-07-28,67417673.44000001,56849061.55734033,10568611.882659681,0.8485,0.0000,0.0045,estimate,snapshot:2026-09-05
hyperevm,2026-07-29,143589850.92000002,71750323.40889771,71839527.5111023,0.5019,0.0000,0.0044,estimate,snapshot:2026-09-05
hyperevm,2026-07-30,67956281.46000001,60784426.6129411,7171854.847058907,0.8980,0.0000,0.0024,estimate,snapshot:2026-09-05
hyperevm,2026-07-31,93753836.52000001,84902683.38586852,8851153.134131491,0.9087,0.0000,0.0066,estimate,snapshot:2026-09-05
hyperevm,2026-08-01,50169923.28,43584098.350026086,6585824.929973915,0.8716,0.0000,0.0048,estimate,snapshot:2026-09-05
hyperevm,2026-08-02,55632008.910000004,49898865.341458865,5733143.568541139,0.9001,0.0000,0.0031,estimate,snapshot:2026-09-05
hyperevm,2026-08-03,75863247.91000001,68889752.51161927,6973495.3983807415,0.9114,0.0000,0.0029,estimate,snapshot:2026-09-05
hyperevm,2026-08-04,84944163.33,69947019.1348856,14997144.195114404,0.8308,0.0000,0.0034,estimate,snapshot:2026-09-05
hyperevm,2026-08-05,91228534.01,81490563.902726,9737970.10727401,0.8971,0.0000,0.0034,estimate,snapshot:2026-09-05
hyperevm,2026-08-06,67974398.22,58716228.51223236,9258169.707767636,0.8684,0.0000,0.0030,estimate,snapshot:2026-09-05
hyperevm,2026-08-07,76711253.42,68393966.651623,8317286.768377006,0.8949,0.0000,0.0026,estimate,snapshot:2026-09-05
hyperevm,2026-08-08,26983379.650000002,23040058.635699403,3943321.0143005997,0.8596,0.0000,0.0034,estimate,snapshot:2026-09-05
hyperevm,2026-08-09,34453215.89,29359061.003734335,5094154.886265665,0.8561,0.0000,0.0022,estimate,snapshot:2026-09-05
hyperevm,2026-08-10,69750332.16,62255254.37788878,7495077.78211122,0.8964,0.0000,0.0027,estimate,snapshot:2026-09-05
hyperevm,2026-08-11,53453502.3,45396266.93237841,8057235.367621586,0.8558,0.0000,0.0060,estimate,snapshot:2026-09-05
hyperevm,2026-08-12,66478995.01,58208115.56558496,8270879.44441504,0.8833,0.0000,0.0057,estimate,snapshot:2026-09-05
hyperevm,2026-08-13,71673484.33,61992772.24334112,9680712.08665888,0.8786,0.0000,0.0072,estimate,snapshot:2026-09-05
hyperevm,2026-08-14,47975859.440000005,42416175.83978104,5559683.600218967,0.8959,0.0000,0.0064,estimate,snapshot:2026-09-05
hyperevm,2026-08-15,36910396.31,30909744.88676992,6000651.423230082,0.8473,0.0000,0.0076,estimate,snapshot:2026-09-05
hyperevm,2026-08-16,36540292.559999995,32148816.18386927,4391476.376130726,0.8856,0.0000,0.0177,estimate,snapshot:2026-09-05
hyperevm,2026-08-17,62016486.04,51459834.198082834,10556651.841917165,0.8442,0.0000,0.0134,estimate,snapshot:2026-09-05
hyperevm,2026-08-18,81362764.59,68425636.12973519,12937128.460264817,0.8529,0.0000,0.0121,estimate,snapshot:2026-09-05
hyperevm,2026-08-19,233548645.45000002,207083131.4712292,26465513.978770822,0.8965,0.0000,0.0099,estimate,snapshot:2026-09-05
hyperevm,2026-08-20,261658984.11,228398620.03237182,33260364.077628195,0.8810,0.0000,0.0065,estimate,snapshot:2026-09-05
hyperevm,2026-08-21,360573897.9,325496114.915486,35077782.984514,0.9083,0.0000,0.0044,estimate,snapshot:2026-09-05
hyperevm,2026-08-22,340958655.5,308145323.5975266,32813331.90247339,0.9146,0.0000,0.0039,estimate,snapshot:2026-09-05
hyperevm,2026-08-23,257586845.18,202277909.60956743,55308935.57043257,0.8491,0.0000,0.0124,estimate,snapshot:2026-09-05
hyperevm,2026-08-24,269219976.45,218671018.5869482,50548957.8630518,0.8522,0.0000,0.0155,estimate,snapshot:2026-09-05
hyperevm,2026-08-25,269407699.13,228141986.7302221,41265712.39977789,0.8691,0.0000,0.0076,estimate,snapshot:2026-09-05
hyperevm,2026-08-26,219066552.18,177697195.47008845,41369356.709911555,0.8441,0.0000,0.0064,estimate,snapshot:2026-09-05
hyperevm,2026-08-27,204119606.18,160934734.32673967,43184871.85326034,0.8180,0.0000,0.0063,estimate,snapshot:2026-09-05
hyperevm,2026-08-28,204105184.18,171242115.68677765,32863068.493222356,0.8589,0.0000,0.0047,estimate,snapshot:2026-09-05
hyperevm,2026-08-29,83438425.37,61904827.961432,21533597.408568002,0.7738,0.0000,0.0084,estimate,snapshot:2026-09-05
hyperevm,2026-08-30,96520664.42999999,71685300.14429271,24835364.28570728,0.7629,0.0000,0.0079,estimate,snapshot:2026-09-05
hyperevm,2026-08-31,185481613.79,138689959.20830613,46791654.58169386,0.7954,0.0000,0.0031,estimate,snapshot:2026-09-05
hyperevm,2026-09-01,164139570.57,129367797.03123528,34771773.538764715,0.8187,0.0000,0.0063,estimate,snapshot:2026-09-05
hyperevm,2026-09-02,144197004.34,119028936.15838431,25168068.181615695,0.8503,0.0000,0.0068,estimate,snapshot:2026-09-05
hyperevm,2026-09-03,166081958.14000002,147860073.44246784,18221884.697532177,0.9061,0.0000,0.0050,estimate,snapshot:2026-09-05
hyperevm,2026-09-04,153095737.67000002,137556505.96212363,15539231.707876384,0.9162,0.0000,0.0057,estimate,snapshot:2026-09-05
robinhood,2026-07-06,20054068,2917438.8502970156,17136629.149702985,0.1516,0.0000,0.0000,estimate,snapshot:2026-09-05
robinhood,2026-07-07,32492288.1,6048336.291733483,26443951.80826652,0.2079,0.0000,0.0000,estimate,snapshot:2026-09-05
robinhood,2026-07-08,433259037.54999995,193292560.66688517,239966476.88311478,0.4562,0.0000,0.0000,estimate,snapshot:2026-09-05
robinhood,2026-07-09,378227925.09,92362505.92152038,285865419.16847956,0.2510,0.0000,0.0000,estimate,snapshot:2026-09-05
robinhood,2026-07-10,561337307.52,173875701.40251186,387461606.11748815,0.3326,0.0000,0.0000,estimate,snapshot:2026-09-05
robinhood,2026-07-11,880422985.0600001,176142209.788268,704280775.2717321,0.2069,0.0000,0.0000,estimate,snapshot:2026-09-05
robinhood,2026-07-12,811706394.55,162787805.98366016,648918588.5663397,0.2046,0.0000,0.0000,estimate,snapshot:2026-09-05
robinhood,2026-07-13,820448247.62,176922101.52926695,643526146.090733,0.2224,0.0000,0.0000,estimate,snapshot:2026-09-05
robinhood,2026-07-14,821400213.77,224794958.34505862,596605255.4249413,0.2805,0.0000,0.0016,estimate,snapshot:2026-09-05
robinhood,2026-07-15,806062574.29,274682434.6638002,531380139.6261998,0.3555,0.0000,0.0142,estimate,snapshot:2026-09-05
robinhood,2026-07-16,610480495.14,271563217.8723992,338917277.2676008,0.4806,0.0000,0.0102,estimate,snapshot:2026-09-05
robinhood,2026-07-17,569756846.13,260629584.20905054,309127261.92094946,0.4960,0.0000,0.0218,estimate,snapshot:2026-09-05
robinhood,2026-07-18,536605270.15,101590931.00815651,435014339.14184344,0.2086,0.0000,0.0124,estimate,snapshot:2026-09-05
robinhood,2026-07-19,481161458.55,101305428.04785682,379856030.5021432,0.2393,0.0000,0.0073,estimate,snapshot:2026-09-05
robinhood,2026-07-20,564122835.8399999,159980520.73863813,404142315.10136175,0.3118,0.0000,0.0055,estimate,snapshot:2026-09-05
robinhood,2026-07-21,640557768.7599999,145826360.4413003,494731408.3186996,0.2539,0.0000,0.0060,estimate,snapshot:2026-09-05
robinhood,2026-07-22,732917383.9399999,163618932.2295291,569298451.7104708,0.2685,0.0000,0.0032,estimate,snapshot:2026-09-05
robinhood,2026-07-23,681522757.37,206663376.0287335,474859381.3412665,0.3837,0.0000,0.0041,estimate,snapshot:2026-09-05
robinhood,2026-07-24,564177437.15,161800944.50985974,402376492.64014024,0.3626,0.0000,0.0053,estimate,snapshot:2026-09-05
robinhood,2026-07-25,338296237.86,72522382.3968309,265773855.4631691,0.2676,0.0000,0.0069,estimate,snapshot:2026-09-05
robinhood,2026-07-26,419563917.55,96510072.14371432,323053845.4062857,0.2618,0.0000,0.0065,estimate,snapshot:2026-09-05
robinhood,2026-07-27,626059750,196781553.60671222,429278196.3932878,0.3586,0.0000,0.0050,estimate,snapshot:2026-09-05
robinhood,2026-07-28,497119272.94,143098396.42337224,354020876.5166278,0.3355,0.0000,0.0073,estimate,snapshot:2026-09-05
robinhood,2026-07-29,593784809.29,215734389.5478129,378050419.742187,0.3998,0.0000,0.0052,estimate,snapshot:2026-09-05
robinhood,2026-07-30,442060801.01,155622053.89814,286438747.11186,0.3958,0.0000,0.0049,estimate,snapshot:2026-09-05
robinhood,2026-07-31,362385525.89000005,131226941.53003946,231158584.3599606,0.4100,0.0000,0.0093,estimate,snapshot:2026-09-05
robinhood,2026-08-01,241345657.82000002,64791568.78407048,176554089.03592956,0.3152,0.0000,0.0117,estimate,snapshot:2026-09-05
robinhood,2026-08-02,254430161.16,69626937.09238999,184803224.06761003,0.3046,0.0000,0.0055,estimate,snapshot:2026-09-05
robinhood,2026-08-03,353551987.37,125655533.12392768,227896454.24607232,0.3964,0.0000,0.0047,estimate,snapshot:2026-09-05
robinhood,2026-08-04,323081986.56,134515714.62030733,188566271.93969268,0.4757,0.0000,0.0073,estimate,snapshot:2026-09-05
robinhood,2026-08-05,521113704.32,178594742.01885766,342518962.30114233,0.3801,0.0000,0.0072,estimate,snapshot:2026-09-05
robinhood,2026-08-06,583248321.1200001,251163266.7421449,332085054.3778552,0.4734,0.0000,0.0141,estimate,snapshot:2026-09-05
robinhood,2026-08-07,408509550.71999997,133624227.08057861,274885323.63942134,0.3791,0.0000,0.0115,estimate,snapshot:2026-09-05
robinhood,2026-08-08,298974153.37,60723011.469503924,238251141.90049607,0.2424,0.0000,0.0194,estimate,snapshot:2026-09-05
robinhood,2026-08-09,468337279.24,132910637.02133362,335426642.2186664,0.3095,0.0000,0.0070,estimate,snapshot:2026-09-05
robinhood,2026-08-10,640002406.2,230355470.0015882,409646936.1984118,0.3967,0.0000,0.0046,estimate,snapshot:2026-09-05
robinhood,2026-08-11,482763600.59999996,161177093.15779543,321586507.44220454,0.3742,0.0000,0.0055,estimate,snapshot:2026-09-05
robinhood,2026-08-12,508044261.03000003,182166277.83219844,325877983.1978016,0.4022,0.0000,0.0049,estimate,snapshot:2026-09-05
robinhood,2026-08-13,453907583.48999995,137492849.60640976,316414733.8835902,0.3506,0.0000,0.0074,estimate,snapshot:2026-09-05
robinhood,2026-08-14,478758353.34999996,139536460.50439075,339221892.8456092,0.3277,0.0000,0.0057,estimate,snapshot:2026-09-05
robinhood,2026-08-15,306840878.9199999,57757926.51473101,249082952.40526888,0.2253,0.0000,0.0087,estimate,snapshot:2026-09-05
robinhood,2026-08-16,303371352.84,74072963.01214555,229298389.82785442,0.2738,0.0000,0.0060,estimate,snapshot:2026-09-05
robinhood,2026-08-17,434179504.86999995,156409722.55700946,277769782.3129905,0.4049,0.0000,0.0026,estimate,snapshot:2026-09-05
robinhood,2026-08-18,404409181.91,122017078.51620713,282392103.39379287,0.3932,0.0000,0.0032,estimate,snapshot:2026-09-05
robinhood,2026-08-19,510863181.25,210745208.90329203,300117972.34670794,0.4752,0.0000,0.0019,estimate,snapshot:2026-09-05
robinhood,2026-08-20,483047694.63000005,179790144.17982483,303257550.4501752,0.4315,0.0000,0.0035,estimate,snapshot:2026-09-05
robinhood,2026-08-21,644811015.72,282046646.14108866,362764369.57891136,0.4851,0.0000,0.0028,estimate,snapshot:2026-09-05
robinhood,2026-08-22,494285097.00000006,174468148.79359388,319816948.2064062,0.3813,0.0000,0.0031,estimate,snapshot:2026-09-05
robinhood,2026-08-23,495303513.46999997,179200636.6000928,316102876.86990714,0.4393,0.0000,0.0244,estimate,snapshot:2026-09-05
robinhood,2026-08-24,644799198.1700001,264886732.69411376,379912465.47588634,0.5160,0.0000,0.0133,estimate,snapshot:2026-09-05
robinhood,2026-08-25,723242749.14,274991163.8633851,448251585.2766149,0.4779,0.0000,0.0086,estimate,snapshot:2026-09-05
robinhood,2026-08-26,825848499.37,290594638.1064872,535253861.2635128,0.4749,0.0000,0.0084,estimate,snapshot:2026-09-05
robinhood,2026-08-27,850749634.0599998,292985859.90260154,557763774.1573982,0.4676,0.0000,0.0081,estimate,snapshot:2026-09-05
robinhood,2026-08-28,922363796.2800001,348192340.8899826,574171455.3900175,0.5057,0.0000,0.0061,estimate,snapshot:2026-09-05
robinhood,2026-08-29,1033947874.89,279456509.63498795,754491365.255012,0.3986,0.0000,0.0061,estimate,snapshot:2026-09-05
robinhood,2026-08-30,1402529587.33,537856896.3970951,864672690.9329048,0.5301,0.0000,0.0274,estimate,snapshot:2026-09-05
robinhood,2026-08-31,1490005961.02,674003314.1448673,816002646.8751327,0.6565,0.0000,0.0602,estimate,snapshot:2026-09-05
robinhood,2026-09-01,1669401692.9499998,985615984.9688853,683785707.9811145,0.8086,0.0000,0.0044,estimate,snapshot:2026-09-05
robinhood,2026-09-02,1553250662.19,1128777372.75547,424473289.43453,1.0602,0.0000,0.0067,estimate,snapshot:2026-09-05
robinhood,2026-09-03,1686257876.8500001,1208977495.2738204,477280381.57617974,1.0148,0.0000,0.0093,estimate,snapshot:2026-09-05
robinhood,2026-09-04,1889665855.6899998,1050307415.9779316,839358439.7120682,1.5321,0.0000,0.0039,estimate,snapshot:2026-09-05